id,tone,theme,text,source,hashtags,caption,image,status,tg_status,ig_status,published_at
p001,عاشقانه,rose,💕 دوست داشتنت برای من یک اتفاق نیست؛ یک عادتِ قشنگ است که هر روز از نو انتخابش می‌کنم.,اختصاصی,عاشقانه عشق جملات_عاشقانه,"💕 بعضی حس‌ها را فقط با یک جمله می‌شود گفت.

دوست داشتنت برای من یک اتفاق نیست؛ یک عادتِ قشنگ است که هر روز از نو انتخابش می‌کنم.

👀 به نظرت عشق یعنی چی؟ تو کامنت برام بنویس.",content/images/post_p001.jpg,pending,sent,,2026-10-08 23:52
p002,دلتنگی,rose,🥀 دلتنگی عذاب نیست؛ یادآوریِ این است که یک‌نفر هست که نبودنش فرق می‌کند.,اختصاصی,عاشقانه عشق احساس حرف_دل دلنوشته جملات_عاشقانه متن_عاشقانه شعر_عاشقانه عاشقانه_های_من حس_خوب دوست_داشتن زندگی قلب شب_بخیر دلتنگتم دلتنگی فراق انتظار دلتنگ_بودن بی_تو دلتنگی_عجیب miss_you longing دلتنگ,"🥀 دلتنگی یک حس عجیب است؛ بی‌صدا می‌آید.

دلتنگی عذاب نیست؛ یادآوریِ این است که یک‌نفر هست که نبودنش فرق می‌کند.

💭 دلتنگِ کی هستی؟ فقط یک ایموجی بذار 👇",content/images/post_p002.jpg,published,sent,sent,2026-10-08 23:55
p003,شکست,alone,💔 تمام شدنِ ما با یک جمله شروع شد: «بهتر است کمتر حرف بزنیم». همان روز فهمیدم تمام شدن همیشه با صدای بلند نیست.,اختصاصی,شکست_عاشقی دل_شکسته تنهایی,"💔 بعضی تمام شدن‌ها با صدای بلند نیستند.

تمام شدنِ ما با یک جمله شروع شد: «بهتر است کمتر حرف بزنیم». همان روز فهمیدم تمام شدن همیشه با صدای بلند نیست.

🕊️ تا حالا این حس رو داشتی؟ برام بنویس 👇",content/images/post_p003.jpg,pending,sent,,
p004,تنهایی,rain,🕯️ تنهایی این نیست که کسی کنارت نیست؛ این است که میانِ آدم‌ها بایستی و هیچ‌کس صدایت را نشنود.,اختصاصی,تنهایی احساس_تنهایی شب_تنهایی,"🕯️ تنهایی همیشه تنها بودن نیست.

تنهایی این نیست که کسی کنارت نیست؛ این است که میانِ آدم‌ها بایستی و هیچ‌کس صدایت را نشنود.

💬 اگر امشب تنهایی، یک سلام بذار 👇",content/images/post_p004.jpg,pending,sent,,
p005,نامه,rose,✉️ نمی‌دانم این نامه را کجا تمام می‌کنم؛ فقط می‌دانستم اگر امشب برایت ننویسم خوابم نمی‌برد. دلم برای خنده‌ات تنگ شده. تا برگردی همین‌جا منتظرت می‌مانم.,نامه عاشقانه,نامه_عاشقانه نامه عاشقانه,"✉️ یک نامه‌ی ناتمام…

نمی‌دانم این نامه را کجا تمام می‌کنم؛ فقط می‌دانستم اگر امشب برایت ننویسم خوابم نمی‌برد. دلم برای خنده‌ات تنگ شده. تا برگردی همین‌جا منتظرت می‌مانم.

✍️ تو چی می‌نوشتی؟ تو کامنت ادامه بده 👇",content/images/post_p005.jpg,pending,sent,,
p006,عاشقانه,night,❤️ کنار تو ساعت‌ها کوتاه‌تر از یک نفس‌اند؛ بی‌تو یک ثانیه به اندازه‌ی یک پاییز طول می‌کشد.,اختصاصی,عاشقانه عشق جملات_عاشقانه,"❤️ این را برای کسی بفرست که دوستش داری.

کنار تو ساعت‌ها کوتاه‌تر از یک نفس‌اند؛ بی‌تو یک ثانیه به اندازه‌ی یک پاییز طول می‌کشد.

💌 این پست رو برای کسی که دوستش داری بفرست.",content/images/post_p006.jpg,pending,sent,,
p007,دلتنگی,night,🌧️ دلتنگت که می‌شوم سراغِ چیزهایی می‌روم که بویِ تو را می‌دهند؛ بعضی آهنگ‌ها، بعضی خیابان‌ها، بعضی ساعت‌ها.,اختصاصی,دلتنگی دلتنگتم عاشقانه,"🌧️ بعضی شب‌ها فقط یک نفر کم است.

دلتنگت که می‌شوم سراغِ چیزهایی می‌روم که بویِ تو را می‌دهند؛ بعضی آهنگ‌ها، بعضی خیابان‌ها، بعضی ساعت‌ها.

📍 این پست رو برای کسی که دلتنگش هستی بفرست.",content/images/post_p007.jpg,pending,sent,,
p008,تنهایی,alone,🌙 بعضی شب‌ها آدم فقط به یک پیام احتیاج دارد؛ نه جواب، فقط اینکه بداند هنوز برای یکی مهم است.,اختصاصی,تنهایی احساس_تنهایی شب_تنهایی,"🌙 بعضی شب‌ها فقط به یک پیام احتیاج داری.

بعضی شب‌ها آدم فقط به یک پیام احتیاج دارد؛ نه جواب، فقط اینکه بداند هنوز برای یکی مهم است.

🤍 این پست رو برای کسی بفرست که مدت‌هاست خبری ازش نداری.",content/images/post_p008.jpg,pending,sent,,
p009,شکست,farewell,🖤 بدترین قسمتش رفتنِ تو نبود؛ اینکه من ماندم و باید ثابت می‌کردم خوبم.,اختصاصی,شکست_عاشقی دل_شکسته تنهایی,"🖤 این برای کسی است که هنوز دارد ثابت می‌کند خوب است.

بدترین قسمتش رفتنِ تو نبود؛ اینکه من ماندم و باید ثابت می‌کردم خوبم.

💬 اگه این پست بهت خورد، بدون تنها نیستی.",content/images/post_p009.jpg,pending,sent,,
p010,نامه,ocean,💌 عزیزترینم، امروز بیست و یکمین روزی است که نیستی. بیست و یک روز تمام گوشی‌ام را بیشتر از آینه نگاه کرده‌ام. خانه بی‌تو شبیهِ هتل است؛ تمیز، اما بی‌هیچ ردی از زندگی. برگرد.,نامه عاشقانه,نامه_عاشقانه نامه عاشقانه,"💌 اگر جرئتِ گفتن نداری، این را بفرست.

عزیزترینم، امروز بیست و یکمین روزی است که نیستی. بیست و یک روز تمام گوشی‌ام را بیشتر از آینه نگاه کرده‌ام. خانه بی‌تو شبیهِ هتل است؛ تمیز، اما بی‌هیچ ردی از زندگی. برگرد.

📮 این نامه رو برای کی می‌فرستی؟",content/images/post_p010.jpg,pending,sent,,
p011,عاشقانه,sunset,🌹 عشق یعنی وسط شلوغیِ دنیا فقط یک آدم را پیدا کنی که با نبودنش همه‌چیز ساکت شود.,اختصاصی,عاشقانه عشق جملات_عاشقانه,"🌹 اگر امروز یک نفر را دوست داری، این برای توست.

عشق یعنی وسط شلوغیِ دنیا فقط یک آدم را پیدا کنی که با نبودنش همه‌چیز ساکت شود.

👇 اگه موافقی یه ❤️ بذار.",content/images/post_p011.jpg,pending,sent,,
p012,دلتنگی,ocean,🥺 هیچ‌کس نمی‌فهمد آدم می‌تواند برای کسی که هر روز می‌بیندش هم دلتنگ شود.,اختصاصی,دلتنگی دلتنگتم عاشقانه,"🥺 این را بخوان اگر دلت برای یکی تنگ شده.

هیچ‌کس نمی‌فهمد آدم می‌تواند برای کسی که هر روز می‌بیندش هم دلتنگ شود.

👇 تا حالا این حس رو داشتی؟ برام بنویس.",content/images/post_p012.jpg,pending,sent,,
p013,شکست,rain,🥀 گفتی «همیشه» و من باور کردم. حالا فهمیده‌ام بعضی‌ها «همیشه» را تا وقتی می‌گویند که جایگزینی ندارند.,اختصاصی,شکست_عاشقی دل_شکسته تنهایی,"🥀 قبل از اینکه بروی، این را بخوان.

گفتی «همیشه» و من باور کردم. حالا فهمیده‌ام بعضی‌ها «همیشه» را تا وقتی می‌گویند که جایگزینی ندارند.

👇 سخت‌ترین جمله‌ای که شنیدی چی بود؟",content/images/post_p013.jpg,pending,sent,,
p014,تنهایی,empty,🤍 عادت کرده‌ام با خودم حرف بزنم. تنها کسی هستم که هیچ‌وقت قطعم نمی‌کند.,اختصاصی,تنهایی احساس_تنهایی شب_تنهایی,"🤍 گاهی آدم فقط می‌خواهد کسی صدایش را بشنود.

عادت کرده‌ام با خودم حرف بزنم. تنها کسی هستم که هیچ‌وقت قطعم نمی‌کند.

👇 تنهایی از نظر تو یعنی چی؟",content/images/post_p014.jpg,pending,sent,,
p015,نامه,wine,📮 نمی‌خواهم قولِ بزرگی بدهم. فقط می‌خواهم بدانی فردا هم اینجا هستم، پس‌فردا هم، و تمامِ فرداهایی که بخواهی. کافی است یک بار دیگر به من اعتماد کنی.,نامه عاشقانه,نامه_عاشقانه نامه عاشقانه,"📮 نامه‌ای که هیچ‌وقت پست نشد.

نمی‌خواهم قولِ بزرگی بدهم. فقط می‌خواهم بدانی فردا هم اینجا هستم، پس‌فردا هم، و تمامِ فرداهایی که بخواهی. کافی است یک بار دیگر به من اعتماد کنی.

👇 اولین جمله‌ی نامه‌ات چی بود؟",content/images/post_p015.jpg,pending,sent,,
p016,عاشقانه,wine,✨ من به آینده اعتقاد ندارم؛ به تو اعتقاد دارم. باقی‌اش خودش درست می‌شود.,اختصاصی,عاشقانه عشق جملات_عاشقانه,"✨ یک جمله برای آدم‌های عاشق.

من به آینده اعتقاد ندارم؛ به تو اعتقاد دارم. باقی‌اش خودش درست می‌شود.

💬 تو یک جمله عشق را توصیف کن 👇",content/images/post_p016.jpg,pending,sent,,
p017,دلتنگی,wine,💭 بدترینِ دلتنگی این است که حتی نتوانی به کسی بگویی دلتنگِ چه کسی هستی.,اختصاصی,دلتنگی دلتنگتم عاشقانه,"💭 دلتنگی یعنی وسطِ شلوغی، جایِ یک نفر خالی باشد.

بدترینِ دلتنگی این است که حتی نتوانی به کسی بگویی دلتنگِ چه کسی هستی.

🥺 اگه دلت تنگ شده، بدون تنها نیستی.",content/images/post_p017.jpg,pending,sent,,
p018,تنهایی,farewell,💭 سخت‌ترین کارِ دنیا این است که لبخند بزنی و هیچ‌کس نپرسد چرا چشم‌هایت این‌قدر خسته است.,اختصاصی,تنهایی احساس_تنهایی شب_تنهایی,"💭 برای شب‌هایی که کسی نیست.

سخت‌ترین کارِ دنیا این است که لبخند بزنی و هیچ‌کس نپرسد چرا چشم‌هایت این‌قدر خسته است.

🕯️ اگه دلت گرفت، بدون اینجا کسی هست.",content/images/post_p018.jpg,pending,sent,,
p019,شکست,empty,💔 دیگر برایت آرزوی بد نمی‌کنم؛ فقط دلم می‌خواهد یک روز بفهمی چه چیزی را ول کردی.,اختصاصی,شکست_عاشقی دل_شکسته تنهایی,"💔 یک نفر رفت و یک نفر ماند.

دیگر برایت آرزوی بد نمی‌کنم؛ فقط دلم می‌خواهد یک روز بفهمی چه چیزی را ول کردی.

🤍 این پست رو برای کسی بفرست که التیام لازم داره.",content/images/post_p019.jpg,pending,sent,,
p020,نامه,night,🕊️ اگر این نامه به دستت رسید یعنی بالاخره جرئت کردم چیزی را بنویسم که هر بار روبه‌رویت یادم می‌رود: دوستت دارم؛ نه به اندازه‌ی یک روز، به اندازه‌ی تمامِ روزهایی که برایم نمانده.,نامه عاشقانه,نامه_عاشقانه نامه عاشقانه,"🕊️ این نامه را برای کسی بفرست که مدت‌هاست ندیده‌ای.

اگر این نامه به دستت رسید یعنی بالاخره جرئت کردم چیزی را بنویسم که هر بار روبه‌رویت یادم می‌رود: دوستت دارم؛ نه به اندازه‌ی یک روز، به اندازه‌ی تمامِ روزهایی که برایم نمانده.

💌 اگه این نامه بهت خورد، سیوش کن.",content/images/post_p020.jpg,pending,sent,,
p021,عاشقانه,cream,🥰 خانه فقط یک آدرس نیست؛ جایی است که اسمِ تو پشتِ درش نوشته شده.,اختصاصی,عاشقانه عشق جملات_عاشقانه,"💕 بعضی حس‌ها را فقط با یک جمله می‌شود گفت.

خانه فقط یک آدرس نیست؛ جایی است که اسمِ تو پشتِ درش نوشته شده.

👀 به نظرت عشق یعنی چی؟ تو کامنت برام بنویس.",content/images/post_p021.jpg,pending,sent,,
p022,دلتنگی,night,💌 یک نفر هست که نبودنش، وسطِ شلوغ‌ترین روزهایم هم صدا دارد.,اختصاصی,دلتنگی دلتنگتم عاشقانه,"🥀 دلتنگی یک حس عجیب است؛ بی‌صدا می‌آید.

یک نفر هست که نبودنش، وسطِ شلوغ‌ترین روزهایم هم صدا دارد.

💭 دلتنگِ کی هستی؟ فقط یک ایموجی بذار 👇",content/images/post_p022.jpg,pending,sent,,
p023,شکست,alone,🖤 عاشقانه‌ترین دروغِ دنیا این است: «همان‌طور که بودیم می‌مانیم». هیچ‌چیز همان‌طور نمی‌ماند.,اختصاصی,شکست_عاشقی دل_شکسته تنهایی,"💔 بعضی تمام شدن‌ها با صدای بلند نیستند.

عاشقانه‌ترین دروغِ دنیا این است: «همان‌طور که بودیم می‌مانیم». هیچ‌چیز همان‌طور نمی‌ماند.

🕊️ تا حالا این حس رو داشتی؟ برام بنویس 👇",content/images/post_p023.jpg,pending,sent,,
p024,تنهایی,alone,🕯️ گاهی دلم برای جمعی تنگ می‌شود که هیچ‌وقت وجود نداشته؛ برای خانه‌ای که فقط در خواب دیده‌ام.,اختصاصی,تنهایی احساس_تنهایی شب_تنهایی,"🕯️ تنهایی همیشه تنها بودن نیست.

گاهی دلم برای جمعی تنگ می‌شود که هیچ‌وقت وجود نداشته؛ برای خانه‌ای که فقط در خواب دیده‌ام.

💬 اگر امشب تنهایی، یک سلام بذار 👇",content/images/post_p024.jpg,pending,sent,,
p025,نامه,cream,✉️ یادت می‌آید گفتی از باران بدت می‌آید؟ از آن روز من باران را دوست دارم، چون تنها چیزی است که شبیهِ نبودنِ توست و نمی‌توانم ازش فرار کنم.,نامه عاشقانه,نامه_عاشقانه نامه عاشقانه,"✉️ یک نامه‌ی ناتمام…

یادت می‌آید گفتی از باران بدت می‌آید؟ از آن روز من باران را دوست دارم، چون تنها چیزی است که شبیهِ نبودنِ توست و نمی‌توانم ازش فرار کنم.

✍️ تو چی می‌نوشتی؟ تو کامنت ادامه بده 👇",content/images/post_p025.jpg,pending,sent,,
p026,عاشقانه,mint,💕 هیچ معجزه‌ای لازم نیست؛ فقط همان‌طور که هستی، همان‌جا که هستی بمان.,اختصاصی,عاشقانه عشق جملات_عاشقانه,"❤️ این را برای کسی بفرست که دوستش داری.

هیچ معجزه‌ای لازم نیست؛ فقط همان‌طور که هستی، همان‌جا که هستی بمان.

💌 این پست رو برای کسی که دوستش داری بفرست.",content/images/post_p026.jpg,pending,sent,,
p027,دلتنگی,ocean,🥀 دلتنگی شبیهِ باران است؛ آرام می‌بارد اما تا مغزِ استخوانت خیس می‌شوی.,اختصاصی,دلتنگی دلتنگتم عاشقانه,"🌧️ بعضی شب‌ها فقط یک نفر کم است.

دلتنگی شبیهِ باران است؛ آرام می‌بارد اما تا مغزِ استخوانت خیس می‌شوی.

📍 این پست رو برای کسی که دلتنگش هستی بفرست.",content/images/post_p027.jpg,pending,sent,,
p028,تنهایی,rain,🌙 آدم می‌تواند در یک شهرِ شلوغ، در یک اتاقِ روشن، کنارِ یک گوشیِ پر از پیام، غریب‌ترین آدمِ دنیا باشد.,اختصاصی,تنهایی احساس_تنهایی شب_تنهایی,"🌙 بعضی شب‌ها فقط به یک پیام احتیاج داری.

آدم می‌تواند در یک شهرِ شلوغ، در یک اتاقِ روشن، کنارِ یک گوشیِ پر از پیام، غریب‌ترین آدمِ دنیا باشد.

🤍 این پست رو برای کسی بفرست که مدت‌هاست خبری ازش نداری.",content/images/post_p028.jpg,pending,sent,,
p029,شکست,empty,🥀 ما خراب نشدیم؛ فقط یکی از ما زودتر از آنکه بفهمیم دست کشید.,اختصاصی,شکست_عاشقی دل_شکسته تنهایی,"🖤 این برای کسی است که هنوز دارد ثابت می‌کند خوب است.

ما خراب نشدیم؛ فقط یکی از ما زودتر از آنکه بفهمیم دست کشید.

💬 اگه این پست بهت خورد، بدون تنها نیستی.",content/images/post_p029.jpg,pending,sent,,
p030,نامه,mint,💌 برایت از چیزهای کوچک می‌نویسم: از اینکه چطور چای را قبل از من برمی‌داری، از اینکه صدای خنده‌ات از همه‌ی آهنگ‌ها بهتر است. آدم عاشقِ همین چیزهای کوچک می‌شود، بعد دیگر نمی‌تواند برگردد.,نامه عاشقانه,نامه_عاشقانه نامه عاشقانه,"💌 اگر جرئتِ گفتن نداری، این را بفرست.

برایت از چیزهای کوچک می‌نویسم: از اینکه چطور چای را قبل از من برمی‌داری، از اینکه صدای خنده‌ات از همه‌ی آهنگ‌ها بهتر است. آدم عاشقِ همین چیزهای کوچک می‌شود، بعد دیگر نمی‌تواند برگردد.

📮 این نامه رو برای کی می‌فرستی؟",content/images/post_p030.jpg,pending,sent,,
p031,عاشقانه,blush,❤️ دوست داشتنت را پنهان نمی‌کنم؛ آدم باید به چیزهای قشنگِ زندگی‌اش افتخار کند.,اختصاصی,عاشقانه عشق جملات_عاشقانه,"🌹 اگر امروز یک نفر را دوست داری، این برای توست.

دوست داشتنت را پنهان نمی‌کنم؛ آدم باید به چیزهای قشنگِ زندگی‌اش افتخار کند.

👇 اگه موافقی یه ❤️ بذار.",content/images/post_p031.jpg,pending,sent,,
p032,دلتنگی,cream,🌧️ هر شب قبل از خواب در ذهنم با تو حرف می‌زنم؛ جواب‌هایی که می‌دهم، خودم ساخته‌ام.,اختصاصی,دلتنگی دلتنگتم عاشقانه,"🥺 این را بخوان اگر دلت برای یکی تنگ شده.

هر شب قبل از خواب در ذهنم با تو حرف می‌زنم؛ جواب‌هایی که می‌دهم، خودم ساخته‌ام.

👇 تا حالا این حس رو داشتی؟ برام بنویس.",content/images/post_p032.jpg,pending,sent,,
p033,عاشقانه,blush,🌹 یک لبخندِ تو برای من از هزار تا قولِ قشنگ بیشتر می‌ارزد.,اختصاصی,عاشقانه عشق جملات_عاشقانه,"✨ یک جمله برای آدم‌های عاشق.

یک لبخندِ تو برای من از هزار تا قولِ قشنگ بیشتر می‌ارزد.

💬 تو یک جمله عشق را توصیف کن 👇",content/images/post_p033.jpg,pending,sent,,
p034,عاشقانه,wine,✨ عشق یعنی بترسی و باز هم بمانی؛ خسته باشی و باز هم بسازی.,اختصاصی,عاشقانه عشق جملات_عاشقانه,"💕 بعضی حس‌ها را فقط با یک جمله می‌شود گفت.

عشق یعنی بترسی و باز هم بمانی؛ خسته باشی و باز هم بسازی.

👀 به نظرت عشق یعنی چی؟ تو کامنت برام بنویس.",content/images/post_p034.jpg,pending,sent,,
p035,نامه,blush,📮 می‌گویند آدم‌ها شبیهِ کسانی می‌شوند که دوستشان دارند. پس اگر امروز آدمِ بهتری شده‌ام، سهمِ تو از من بیشتر از خودم است. ممنون که ماندی.,نامه عاشقانه,نامه_عاشقانه نامه عاشقانه,"📮 نامه‌ای که هیچ‌وقت پست نشد.

می‌گویند آدم‌ها شبیهِ کسانی می‌شوند که دوستشان دارند. پس اگر امروز آدمِ بهتری شده‌ام، سهمِ تو از من بیشتر از خودم است. ممنون که ماندی.

👇 اولین جمله‌ی نامه‌ات چی بود؟",content/images/post_p035.jpg,pending,sent,,
p036,عاشقانه,mint,🥰 کنارِ تو حتی سکوت هم حرف دارد؛ فقط باید بلد باشی گوش بدهی.,اختصاصی,عاشقانه عشق جملات_عاشقانه,"❤️ این را برای کسی بفرست که دوستش داری.

کنارِ تو حتی سکوت هم حرف دارد؛ فقط باید بلد باشی گوش بدهی.

💌 این پست رو برای کسی که دوستش داری بفرست.",content/images/post_p036.jpg,pending,sent,,
p037,دلتنگی,mint,🥺 فاصله فقط کیلومتر نیست؛ گاهی فاصله یعنی کنار هم بودن و دیگر شبیهِ قبل نبودن.,اختصاصی,دلتنگی دلتنگتم عاشقانه,"💭 دلتنگی یعنی وسطِ شلوغی، جایِ یک نفر خالی باشد.

فاصله فقط کیلومتر نیست؛ گاهی فاصله یعنی کنار هم بودن و دیگر شبیهِ قبل نبودن.

🥺 اگه دلت تنگ شده، بدون تنها نیستی.",content/images/post_p037.jpg,pending,sent,,
p038,عاشقانه,sunset,💕 تو تنها کسی هستی که می‌تواند روزِ بدِ مرا با یک «کجایی؟» درست کند.,اختصاصی,عاشقانه عشق جملات_عاشقانه,"🌹 اگر امروز یک نفر را دوست داری، این برای توست.

تو تنها کسی هستی که می‌تواند روزِ بدِ مرا با یک «کجایی؟» درست کند.

👇 اگه موافقی یه ❤️ بذار.",content/images/post_p038.jpg,pending,sent,,
p039,دلتنگی,blush,💭 دلم برای نسخه‌ای از خودم تنگ شده که فقط پیشِ تو بود.,اختصاصی,دلتنگی دلتنگتم عاشقانه,"🥀 دلتنگی یک حس عجیب است؛ بی‌صدا می‌آید.

دلم برای نسخه‌ای از خودم تنگ شده که فقط پیشِ تو بود.

💭 دلتنگِ کی هستی؟ فقط یک ایموجی بذار 👇",content/images/post_p039.jpg,pending,sent,,
p040,نامه,sunset,🕊️ نامه را ناتمام می‌گذارم؛ نه چون حرفی نمانده، چون قرار است بقیه‌اش را وقتی برگشتی پیشِ چشم‌هایت بگویم. فقط یک چیز را همین‌جا می‌نویسم: دلم برایت تنگ شده، بیشتر از آن چیزی که بشود نوشت.,نامه عاشقانه,نامه_عاشقانه نامه عاشقانه,"🕊️ این نامه را برای کسی بفرست که مدت‌هاست ندیده‌ای.

نامه را ناتمام می‌گذارم؛ نه چون حرفی نمانده، چون قرار است بقیه‌اش را وقتی برگشتی پیشِ چشم‌هایت بگویم. فقط یک چیز را همین‌جا می‌نویسم: دلم برایت تنگ شده، بیشتر از آن چیزی که بشود نوشت.

💌 اگه این نامه بهت خورد، سیوش کن.",content/images/post_p040.jpg,pending,sent,,
p041,دلتنگی,sunset,💌 یک روز می‌آیی و همه‌ی این دلتنگی‌ها خرجِ یک بغل کردن می‌شود؛ من همان روز را زندگی می‌کنم.,اختصاصی,دلتنگی دلتنگتم عاشقانه,"🌧️ بعضی شب‌ها فقط یک نفر کم است.

یک روز می‌آیی و همه‌ی این دلتنگی‌ها خرجِ یک بغل کردن می‌شود؛ من همان روز را زندگی می‌کنم.

📍 این پست رو برای کسی که دلتنگش هستی بفرست.",content/images/post_p041.jpg,pending,sent,,
p042,دلتنگی,rose,🥀 عادت کرده‌ام به نبودنت؛ فقط بعضی شب‌ها یادش می‌رود.,اختصاصی,دلتنگی دلتنگتم عاشقانه,"🥺 این را بخوان اگر دلت برای یکی تنگ شده.

عادت کرده‌ام به نبودنت؛ فقط بعضی شب‌ها یادش می‌رود.

👇 تا حالا این حس رو داشتی؟ برام بنویس.",content/images/post_p042.jpg,pending,sent,,
p043,نامه,rose,✉️ سلام به تنها کسی که دلم برایش تنگ می‌شود بی‌آنکه دلیلش را بدانم. اگر امشب خوابم نبرد تقصیرِ توست؛ اگر صبح بهتر شدم باز هم تقصیرِ توست.,نامه عاشقانه,نامه_عاشقانه نامه عاشقانه,"✉️ یک نامه‌ی ناتمام…

سلام به تنها کسی که دلم برایش تنگ می‌شود بی‌آنکه دلیلش را بدانم. اگر امشب خوابم نبرد تقصیرِ توست؛ اگر صبح بهتر شدم باز هم تقصیرِ توست.

✍️ تو چی می‌نوشتی؟ تو کامنت ادامه بده 👇",content/images/post_p043.jpg,pending,sent,,
p044,عاشقانه,rose,🥰 دوست داشتن یعنی کسی را در میانِ همه‌ی آدم‌ها انتخاب کنی و بعد هر روز دوباره انتخابش کنی.,اختصاصی,عاشقانه عشق جملات_عاشقانه,"✨ یک جمله برای آدم‌های عاشق.

دوست داشتن یعنی کسی را در میانِ همه‌ی آدم‌ها انتخاب کنی و بعد هر روز دوباره انتخابش کنی.

💬 تو یک جمله عشق را توصیف کن 👇",content/images/post_p044.jpg,pending,sent,,
p045,دلتنگی,night,🌙 دلتنگی یعنی چک کردنِ گوشی بی‌آنکه پیامی آمده باشد.,اختصاصی,دلتنگی دلتنگتم عاشقانه,"💭 دلتنگی یعنی وسطِ شلوغی، جایِ یک نفر خالی باشد.

دلتنگی یعنی چک کردنِ گوشی بی‌آنکه پیامی آمده باشد.

🥺 اگه دلت تنگ شده، بدون تنها نیستی.",content/images/post_p045.jpg,pending,sent,,
p046,شکست,alone,💔 ما تمام نشدیم؛ فقط کلماتمان تمام شد.,اختصاصی,شکست_عاشقی دل_شکسته تنهایی,"🥀 این حس را فقط کسی می‌فهمد که از دست داده.

ما تمام نشدیم؛ فقط کلماتمان تمام شد.

👇 بزرگ‌ترین دروغی که شنیدی چی بود؟",content/images/post_p046.jpg,pending,sent,,
p047,تنهایی,alone,🤍 تنهایی یعنی بلند بلند با خودت حرف بزنی تا صدای سکوت را نشنوی.,اختصاصی,تنهایی احساس_تنهایی شب_تنهایی,"🕯️ این را بخوان اگر امشب کسی را نداری.

تنهایی یعنی بلند بلند با خودت حرف بزنی تا صدای سکوت را نشنوی.

🤍 اگه کسی رو می‌شناسی که تنهاست، تگش کن.",content/images/post_p047.jpg,pending,sent,,
p048,نامه,letters,💌 نمی‌دانم این را می‌خوانی یا نه؛ اما من نوشتمش و همین برایم کافی است.,اختصاصی,نامه_عاشقانه نامه عاشقانه,"💌 اگر جرئتِ گفتن نداری، این را بفرست.

نمی‌دانم این را می‌خوانی یا نه؛ اما من نوشتمش و همین برایم کافی است.

📮 این نامه رو برای کی می‌فرستی؟",content/images/post_p048.jpg,pending,sent,,
p049,عاشقانه,blush,💌 خوشبختی برای من یک صحنه است: تو داری می‌خندی و من دارم تماشا می‌کنم.,اختصاصی,عاشقانه عشق جملات_عاشقانه,"🥰 عشق در چیزهای کوچک قایم شده.

خوشبختی برای من یک صحنه است: تو داری می‌خندی و من دارم تماشا می‌کنم.

🔖 سیوش کن تا یادت نره.",content/images/post_p049.jpg,pending,sent,,
p050,دلتنگی,ocean,🥀 یک نفر هست که حتی نخندیدنش هم برایم سؤال است.,اختصاصی,دلتنگی دلتنگتم عاشقانه,"🕰️ ساعتی از شب هست که فقط مالِ یادِ توست.

یک نفر هست که حتی نخندیدنش هم برایم سؤال است.

👇 دلتنگی از نظر تو یعنی چی؟",content/images/post_p050.jpg,pending,sent,,
p051,تنهایی,shadow,💭 بعضی شب‌ها فقط می‌خواهی کسی بپرسد «خواب نمی‌آیی؟»؛ همین.,اختصاصی,تنهایی احساس_تنهایی شب_تنهایی,"🤍 یک نفر هست که حتی نبودنش هم صدا دارد.

بعضی شب‌ها فقط می‌خواهی کسی بپرسد «خواب نمی‌آیی؟»؛ همین.

👇 با تنهایی چطور کنار می‌آیی؟",content/images/post_p051.jpg,pending,sent,,
p052,شکست,shadow,🖤 سخت‌ترین بخشِ رفتن، ساکت ماندنِ کسی است که می‌ماند.,اختصاصی,شکست_عاشقی دل_شکسته تنهایی,"💔 گاهی عشق کم نیست؛ فقط دیر است.

سخت‌ترین بخشِ رفتن، ساکت ماندنِ کسی است که می‌ماند.

💔 برای کسی بفرست که می‌دانی هنوز درگیر است.",content/images/post_p052.jpg,pending,sent,,
p053,نامه,cream,📮 دیشب تا صبح بیدار ماندم و در ذهنم برایت نامه نوشتم. صبح که شد هیچ‌کدام یادم نبود؛ فقط این یک جمله ماند: دلم برایت تنگ است.,اختصاصی,نامه_عاشقانه نامه عاشقانه,"📮 نامه‌ای که هیچ‌وقت پست نشد.

دیشب تا صبح بیدار ماندم و در ذهنم برایت نامه نوشتم. صبح که شد هیچ‌کدام یادم نبود؛ فقط این یک جمله ماند: دلم برایت تنگ است.

👇 اولین جمله‌ی نامه‌ات چی بود؟",content/images/post_p053.jpg,pending,sent,,
p054,عاشقانه,breeze,🤍 آدم عاشق که می‌شود دنیا عوض نمی‌شود؛ فقط تماشا کردنش قشنگ می‌شود.,اختصاصی,عاشقانه عشق جملات_عاشقانه,"💗 این حس را حتماً داشته‌ای.

آدم عاشق که می‌شود دنیا عوض نمی‌شود؛ فقط تماشا کردنش قشنگ می‌شود.

👇 از نظر تو بهترین حسِ دنیا چیه؟",content/images/post_p054.jpg,pending,sent,,
p055,دلتنگی,rain,🌧️ دلتنگی یک مهمانِ ناخوانده است؛ شب‌ها می‌آید و صبح می‌رود اما ردش می‌ماند.,اختصاصی,دلتنگی دلتنگتم عاشقانه,"🥀 برای کسی که نیست و هنوز هست.

دلتنگی یک مهمانِ ناخوانده است؛ شب‌ها می‌آید و صبح می‌رود اما ردش می‌ماند.

💬 اسمش رو نبر، فقط با یک کلمه توصیفش کن 👇",content/images/post_p055.jpg,pending,sent,,
p056,شکست,empty,🥀 گفتی «حالم خوب است» و من فهمیدم دیگر هیچ‌وقت خوب نیست.,اختصاصی,شکست_عاشقی دل_شکسته تنهایی,"💔 بعضی تمام شدن‌ها با صدای بلند نیستند.

گفتی «حالم خوب است» و من فهمیدم دیگر هیچ‌وقت خوب نیست.

🕊️ تا حالا این حس رو داشتی؟ برام بنویس 👇",content/images/post_p056.jpg,pending,sent,,
p057,تنهایی,rain,🕯️ سخت‌ترین تنهایی، تنهایی در میانِ کسانی است که دوستت دارند اما نمی‌فهمندت.,اختصاصی,تنهایی احساس_تنهایی شب_تنهایی,"🕯️ تنهایی همیشه تنها بودن نیست.

سخت‌ترین تنهایی، تنهایی در میانِ کسانی است که دوستت دارند اما نمی‌فهمندت.

💬 اگر امشب تنهایی، یک سلام بذار 👇",content/images/post_p057.jpg,pending,sent,,
p058,نامه,coffee,🕊️ نامه‌ام را با «سلام» شروع می‌کنم چون هیچ کلمه‌ی دیگری بلد نیستم که به اندازه‌ی سلام دوست داشتنت را بگوید.,اختصاصی,نامه_عاشقانه نامه عاشقانه,"🕊️ این نامه را برای کسی بفرست که مدت‌هاست ندیده‌ای.

نامه‌ام را با «سلام» شروع می‌کنم چون هیچ کلمه‌ی دیگری بلد نیستم که به اندازه‌ی سلام دوست داشتنت را بگوید.

💌 اگه این نامه بهت خورد، سیوش کن.",content/images/post_p058.jpg,pending,sent,,
p059,عاشقانه,mint,💕 دوستت دارم نه برای اینکه کاملی؛ برای اینکه کنارِ تو خودم هستم.,اختصاصی,عاشقانه عشق جملات_عاشقانه,"🌸 برای کسی که دلت را برده.

دوستت دارم نه برای اینکه کاملی؛ برای اینکه کنارِ تو خودم هستم.

💕 دوست دارم نظرت رو بدونم.",content/images/post_p059.jpg,pending,sent,,
p060,دلتنگی,alone,🥺 چقدر عجیب است که آدم می‌تواند برای کسی که هر روز می‌بیندش هم دلتنگ شود.,اختصاصی,دلتنگی دلتنگتم عاشقانه,"🌙 یک نفر کم است و همه‌چیز کم است.

چقدر عجیب است که آدم می‌تواند برای کسی که هر روز می‌بیندش هم دلتنگ شود.

🌧️ امشب به یادِ کی هستی؟",content/images/post_p060.jpg,pending,sent,,
p061,تنهایی,empty,🌙 آدم بزرگ که می‌شود دیگر کسی را ندارد که بغلش کند و بگوید درست می‌شود.,اختصاصی,تنهایی احساس_تنهایی شب_تنهایی,"🌙 بعضی شب‌ها فقط به یک پیام احتیاج داری.

آدم بزرگ که می‌شود دیگر کسی را ندارد که بغلش کند و بگوید درست می‌شود.

🤍 این پست رو برای کسی بفرست که مدت‌هاست خبری ازش نداری.",content/images/post_p061.jpg,pending,sent,,
p062,شکست,rain,💔 دوست داشتنت کافی نبود؛ این تلخ‌ترین جمله‌ای است که یک نفر می‌تواند بگوید.,اختصاصی,شکست_عاشقی دل_شکسته تنهایی,"🖤 این برای کسی است که هنوز دارد ثابت می‌کند خوب است.

دوست داشتنت کافی نبود؛ این تلخ‌ترین جمله‌ای است که یک نفر می‌تواند بگوید.

💬 اگه این پست بهت خورد، بدون تنها نیستی.",content/images/post_p062.jpg,pending,sent,,
p063,نامه,rose,✉️ اگر یک روز رفتی این نامه را بخوان تا یادت بیاید کسی بود که بی‌هیچ شرطی دوستت داشت.,اختصاصی,نامه_عاشقانه نامه عاشقانه,"📜 از طرفِ کسی که بلد نبود بگوید.

اگر یک روز رفتی این نامه را بخوان تا یادت بیاید کسی بود که بی‌هیچ شرطی دوستت داشت.

👇 اگه جرئت داشتی چی می‌نوشتی؟",content/images/post_p063.jpg,pending,sent,,
p064,عاشقانه,sunset,❤️ بهترین بخشِ روزم آن لحظه است که می‌فهمم هنوز هستی.,اختصاصی,عاشقانه عشق جملات_عاشقانه,"💞 سیوش کن برای روزی که بهش احتیاج داری.

بهترین بخشِ روزم آن لحظه است که می‌فهمم هنوز هستی.

👇 این حس رو چقدر می‌شناسی؟",content/images/post_p064.jpg,pending,sent,,
p065,دلتنگی,rose,💭 دلم برای صدای «رسیدی؟» ات تنگ شده؛ برای همان یک کلمه.,اختصاصی,دلتنگی دلتنگتم عاشقانه,"💔 دلتنگی، بلندترین سکوتِ دنیاست.

دلم برای صدای «رسیدی؟» ات تنگ شده؛ برای همان یک کلمه.

👇 اگه این پست بهت خورد، یک 💔 بذار.",content/images/post_p065.jpg,pending,sent,,
p066,شکست,farewell,🖤 بعضی آدم‌ها می‌روند تا یادمان بدهند چه چیزی را نباید از دست بدهیم.,اختصاصی,شکست_عاشقی دل_شکسته تنهایی,"🥀 قبل از اینکه بروی، این را بخوان.

بعضی آدم‌ها می‌روند تا یادمان بدهند چه چیزی را نباید از دست بدهیم.

👇 سخت‌ترین جمله‌ای که شنیدی چی بود؟",content/images/post_p066.jpg,pending,sent,,
p067,تنهایی,night,🤍 گاهی یک اتاقِ تاریک از یک جمعِ شلوغ امن‌تر است.,اختصاصی,تنهایی احساس_تنهایی شب_تنهایی,"🤍 گاهی آدم فقط می‌خواهد کسی صدایش را بشنود.

گاهی یک اتاقِ تاریک از یک جمعِ شلوغ امن‌تر است.

👇 تنهایی از نظر تو یعنی چی؟",content/images/post_p067.jpg,pending,sent,,
p068,نامه,wine,💌 برایت نوشتم چون روبه‌رویت کم می‌آورم؛ کلمات روی کاغذ شجاع‌تر از من هستند.,اختصاصی,نامه_عاشقانه نامه عاشقانه,"✍️ نامه‌ای برای کسی که هنوز دوستش داری.

برایت نوشتم چون روبه‌رویت کم می‌آورم؛ کلمات روی کاغذ شجاع‌تر از من هستند.

🕊️ این نامه رو بفرست، شاید منتظرش بود.",content/images/post_p068.jpg,pending,sent,,
p069,عاشقانه,coffee,🌹 عشق یعنی یک نفر بتواند بدترین روزت را با یک بغل کردن قابل تحمل کند.,اختصاصی,عاشقانه عشق جملات_عاشقانه,"💕 بعضی حس‌ها را فقط با یک جمله می‌شود گفت.

عشق یعنی یک نفر بتواند بدترین روزت را با یک بغل کردن قابل تحمل کند.

👀 به نظرت عشق یعنی چی؟ تو کامنت برام بنویس.",content/images/post_p069.jpg,pending,sent,,
p070,دلتنگی,wine,💔 همه‌چیز سر جایش است، فقط یک نفر نیست و همه‌چیز بی‌ربط شده.,اختصاصی,دلتنگی دلتنگتم عاشقانه,"🥀 دلتنگی یک حس عجیب است؛ بی‌صدا می‌آید.

همه‌چیز سر جایش است، فقط یک نفر نیست و همه‌چیز بی‌ربط شده.

💭 دلتنگِ کی هستی؟ فقط یک ایموجی بذار 👇",content/images/post_p070.jpg,pending,sent,,
p071,تنهایی,alone,💭 تنهایی هم قشنگ است؛ یادت می‌دهد با خودت دوست باشی.,اختصاصی,تنهایی احساس_تنهایی شب_تنهایی,"💭 برای شب‌هایی که کسی نیست.

تنهایی هم قشنگ است؛ یادت می‌دهد با خودت دوست باشی.

🕯️ اگه دلت گرفت، بدون اینجا کسی هست.",content/images/post_p071.jpg,pending,sent,,
p072,شکست,shadow,🥀 عشق یک روز تمام نمی‌شود؛ هر روز کمی از آن می‌میرد تا چیزی نماند.,اختصاصی,شکست_عاشقی دل_شکسته تنهایی,"💔 یک نفر رفت و یک نفر ماند.

عشق یک روز تمام نمی‌شود؛ هر روز کمی از آن می‌میرد تا چیزی نماند.

🤍 این پست رو برای کسی بفرست که التیام لازم داره.",content/images/post_p072.jpg,pending,sent,,
p073,نامه,night,📮 می‌خواستم برایت شعر بنویسم اما شعر کم آورد. فقط همین: تو تمامِ شعرهای منی.,اختصاصی,نامه_عاشقانه نامه عاشقانه,"💌 کلماتی که پشتِ گلو گیر کرده بودند.

می‌خواستم برایت شعر بنویسم اما شعر کم آورد. فقط همین: تو تمامِ شعرهای منی.

👇 به نظرت سخت‌ترین نامه‌ی دنیا کدام است؟",content/images/post_p073.jpg,pending,sent,,
p074,عاشقانه,cream,✨ کنارِ تو لازم نیست قوی باشم؛ همین که هستی کافی است.,اختصاصی,عاشقانه عشق جملات_عاشقانه,"❤️ این را برای کسی بفرست که دوستش داری.

کنارِ تو لازم نیست قوی باشم؛ همین که هستی کافی است.

💌 این پست رو برای کسی که دوستش داری بفرست.",content/images/post_p074.jpg,pending,sent,,
p075,دلتنگی,cream,🌙 دلتنگی یعنی وسطِ جمعی باشی و دنبالِ یک نفر بگردی که نیست.,اختصاصی,دلتنگی دلتنگتم عاشقانه,"🌧️ بعضی شب‌ها فقط یک نفر کم است.

دلتنگی یعنی وسطِ جمعی باشی و دنبالِ یک نفر بگردی که نیست.

📍 این پست رو برای کسی که دلتنگش هستی بفرست.",content/images/post_p075.jpg,pending,sent,,
p076,شکست,alone,💔 هیچ‌وقت نفهمیدم کِی تمام شد؛ فقط یک روز بیدار شدم و دیگر تو نبودی.,اختصاصی,شکست_عاشقی دل_شکسته تنهایی,"🕯️ برای شب‌هایی که هیچ‌کس نفهمید چه گذشت.

هیچ‌وقت نفهمیدم کِی تمام شد؛ فقط یک روز بیدار شدم و دیگر تو نبودی.

👇 چقدر طول کشید تا دوباره خوب شی؟",content/images/post_p076.jpg,pending,sent,,
p077,تنهایی,ocean,🕯️ درد ندارد که تنهایی؛ درد این است که عادت کرده‌ای.,اختصاصی,تنهایی احساس_تنهایی شب_تنهایی,"🪟 تنهایی یعنی پنجره‌ای رو به شلوغی و اتاقی پر از سکوت.

درد ندارد که تنهایی؛ درد این است که عادت کرده‌ای.

👇 شب‌های تنهایی را چطور می‌گذرانی؟",content/images/post_p077.jpg,pending,sent,,
p078,نامه,blush,🕊️ نامه را ننوشتم که جواب بگیری؛ نوشتم که بدانی هنوز یک نفر هست که برایش مهمی.,اختصاصی,نامه_عاشقانه نامه عاشقانه,"📖 این نامه را تا آخر بخوان.

نامه را ننوشتم که جواب بگیری؛ نوشتم که بدانی هنوز یک نفر هست که برایش مهمی.

💌 یک جمله از خودت به این نامه اضافه کن 👇",content/images/post_p078.jpg,pending,sent,,
p079,عاشقانه,wine,🥰 دوست داشتنت شبیهِ نفس کشیدن شده؛ تا وقتی هست نمی‌فهممش، نباشد می‌فهمم.,اختصاصی,عاشقانه عشق جملات_عاشقانه,"🌹 اگر امروز یک نفر را دوست داری، این برای توست.

دوست داشتنت شبیهِ نفس کشیدن شده؛ تا وقتی هست نمی‌فهممش، نباشد می‌فهمم.

👇 اگه موافقی یه ❤️ بذار.",content/images/post_p079.jpg,pending,sent,,
p080,دلتنگی,mint,🥀 بعضی آدم‌ها را نمی‌شود فراموش کرد؛ فقط می‌شود به آن‌ها عادت کرد.,اختصاصی,دلتنگی دلتنگتم عاشقانه,"🥺 این را بخوان اگر دلت برای یکی تنگ شده.

بعضی آدم‌ها را نمی‌شود فراموش کرد؛ فقط می‌شود به آن‌ها عادت کرد.

👇 تا حالا این حس رو داشتی؟ برام بنویس.",content/images/post_p080.jpg,pending,sent,,
p081,تنهایی,shadow,🌙 یک وقت‌هایی آدم فقط یک آغوش می‌خواهد، بی‌هیچ دلیلی.,اختصاصی,تنهایی احساس_تنهایی شب_تنهایی,"🌧️ باران که می‌بارد، تنهایی بلندتر می‌شود.

یک وقت‌هایی آدم فقط یک آغوش می‌خواهد، بی‌هیچ دلیلی.

💭 یک کلمه بنویس که حسِ امشبت را بگوید 👇",content/images/post_p081.jpg,pending,sent,,
p082,شکست,empty,🖤 اشتباهِ من این بود که فکر می‌کردم آدم‌ها به اندازه‌ی من می‌مانند.,اختصاصی,شکست_عاشقی دل_شکسته تنهایی,"🖤 دردِ نگفتن، از دردِ رفتن بیشتر است.

اشتباهِ من این بود که فکر می‌کردم آدم‌ها به اندازه‌ی من می‌مانند.

🖤 اگه هنوز تمام نشده، یک 🖤 بذار.",content/images/post_p082.jpg,pending,sent,,
p083,نامه,letters,✉️ عزیزترینم، یک چیز را هیچ‌وقت فراموش نکن: تو برای من اتفاقِ خوبِ زندگی‌ات نیستی، خودِ زندگی هستی.,اختصاصی,نامه_عاشقانه نامه عاشقانه,"✉️ یک نامه‌ی ناتمام…

عزیزترینم، یک چیز را هیچ‌وقت فراموش نکن: تو برای من اتفاقِ خوبِ زندگی‌ات نیستی، خودِ زندگی هستی.

✍️ تو چی می‌نوشتی؟ تو کامنت ادامه بده 👇",content/images/post_p083.jpg,pending,sent,,
p084,عاشقانه,letters,💌 دلم می‌خواهد وقتی پیر شدیم هنوز برای همان چیزهای کوچک بخندیم.,اختصاصی,عاشقانه عشق جملات_عاشقانه,"✨ یک جمله برای آدم‌های عاشق.

دلم می‌خواهد وقتی پیر شدیم هنوز برای همان چیزهای کوچک بخندیم.

💬 تو یک جمله عشق را توصیف کن 👇",content/images/post_p084.jpg,pending,sent,,
p085,دلتنگی,sunset,🌧️ دلتنگم اما نمی‌گویم؛ چون گفتنش هم چیزی را عوض نمی‌کند.,اختصاصی,دلتنگی دلتنگتم عاشقانه,"💭 دلتنگی یعنی وسطِ شلوغی، جایِ یک نفر خالی باشد.

دلتنگم اما نمی‌گویم؛ چون گفتنش هم چیزی را عوض نمی‌کند.

🥺 اگه دلت تنگ شده، بدون تنها نیستی.",content/images/post_p085.jpg,pending,sent,,
p086,شکست,wine,🥀 آدم گاهی نه از دستِ کسی که رفته، از دستِ خودش که مانده خسته می‌شود.,اختصاصی,شکست_عاشقی دل_شکسته تنهایی,"🥀 این حس را فقط کسی می‌فهمد که از دست داده.

آدم گاهی نه از دستِ کسی که رفته، از دستِ خودش که مانده خسته می‌شود.

👇 بزرگ‌ترین دروغی که شنیدی چی بود؟",content/images/post_p086.jpg,pending,sent,,
p087,تنهایی,rain,🤍 در میانِ همه، فقط خودم می‌دانم چقدر خسته‌ام.,اختصاصی,تنهایی احساس_تنهایی شب_تنهایی,"🕯️ این را بخوان اگر امشب کسی را نداری.

در میانِ همه، فقط خودم می‌دانم چقدر خسته‌ام.

🤍 اگه کسی رو می‌شناسی که تنهاست، تگش کن.",content/images/post_p087.jpg,pending,sent,,
p088,نامه,mint,💌 امروز برایت نامه نوشتم و پاره‌اش کردم. فردا دوباره می‌نویسم؛ بالاخره یک روز جرئت می‌کنم بفرستمش.,اختصاصی,نامه_عاشقانه نامه عاشقانه,"💌 اگر جرئتِ گفتن نداری، این را بفرست.

امروز برایت نامه نوشتم و پاره‌اش کردم. فردا دوباره می‌نویسم؛ بالاخره یک روز جرئت می‌کنم بفرستمش.

📮 این نامه رو برای کی می‌فرستی؟",content/images/post_p088.jpg,pending,sent,,
p089,عاشقانه,night,🤍 عشق یعنی با هم ساکت بمانیم و باز حرف‌های نگفته زیاد داشته باشیم.,اختصاصی,عاشقانه عشق جملات_عاشقانه,"🥰 عشق در چیزهای کوچک قایم شده.

عشق یعنی با هم ساکت بمانیم و باز حرف‌های نگفته زیاد داشته باشیم.

🔖 سیوش کن تا یادت نره.",content/images/post_p089.jpg,pending,sent,,
p090,دلتنگی,night,🥺 پاییز که می‌رسد بیشتر یادت می‌افتم؛ نمی‌دانم چرا.,اختصاصی,دلتنگی دلتنگتم عاشقانه,"🕰️ ساعتی از شب هست که فقط مالِ یادِ توست.

پاییز که می‌رسد بیشتر یادت می‌افتم؛ نمی‌دانم چرا.

👇 دلتنگی از نظر تو یعنی چی؟",content/images/post_p090.jpg,pending,sent,,
p091,تنهایی,empty,💭 تنهایی یعنی شبکه‌ای پر از آدم و دفترچه‌ای که هیچ شماره‌ای در آن نیست که بخواهی بگیری.,اختصاصی,تنهایی احساس_تنهایی شب_تنهایی,"🤍 یک نفر هست که حتی نبودنش هم صدا دارد.

تنهایی یعنی شبکه‌ای پر از آدم و دفترچه‌ای که هیچ شماره‌ای در آن نیست که بخواهی بگیری.

👇 با تنهایی چطور کنار می‌آیی؟",content/images/post_p091.jpg,pending,sent,,
p092,شکست,shadow,💔 یک نفر رفت و من ماندم با تمامِ چیزهایی که نگفتم.,اختصاصی,شکست_عاشقی دل_شکسته تنهایی,"💔 گاهی عشق کم نیست؛ فقط دیر است.

یک نفر رفت و من ماندم با تمامِ چیزهایی که نگفتم.

💔 برای کسی بفرست که می‌دانی هنوز درگیر است.",content/images/post_p092.jpg,pending,sent,,
p093,نامه,ocean,📮 اگر این نامه را باز کردی یعنی هنوز برایت مهم است؛ همین برای من کافی است.,اختصاصی,نامه_عاشقانه نامه عاشقانه,"📮 نامه‌ای که هیچ‌وقت پست نشد.

اگر این نامه را باز کردی یعنی هنوز برایت مهم است؛ همین برای من کافی است.

👇 اولین جمله‌ی نامه‌ات چی بود؟",content/images/post_p093.jpg,pending,sent,,
p094,عاشقانه,ocean,💕 برای من خانه یعنی جایی که تویی. بقیه فقط آدرس است.,اختصاصی,عاشقانه عشق جملات_عاشقانه,"💗 این حس را حتماً داشته‌ای.

برای من خانه یعنی جایی که تویی. بقیه فقط آدرس است.

👇 از نظر تو بهترین حسِ دنیا چیه؟",content/images/post_p094.jpg,pending,sent,,
p095,دلتنگی,ocean,💭 یک پیام از تو می‌تواند تمامِ روزِ مرا از نو بنویسد.,اختصاصی,دلتنگی دلتنگتم عاشقانه,"🥀 برای کسی که نیست و هنوز هست.

یک پیام از تو می‌تواند تمامِ روزِ مرا از نو بنویسد.

💬 اسمش رو نبر، فقط با یک کلمه توصیفش کن 👇",content/images/post_p095.jpg,pending,sent,,
p096,عاشقانه,rose,❤️ دوستت دارم، بی‌آنکه دلیلی داشته باشم و بی‌آنکه دلیلی بخواهم.,اختصاصی,عاشقانه عشق جملات_عاشقانه,"🌸 برای کسی که دلت را برده.

دوستت دارم، بی‌آنکه دلیلی داشته باشم و بی‌آنکه دلیلی بخواهم.

💕 دوست دارم نظرت رو بدونم.",content/images/post_p096.jpg,pending,sent,,
p097,عاشقانه,blush,🌹 یک نفر هست که خنده‌اش برای من از هزار تا جایزه بیشتر می‌ارزد.,اختصاصی,عاشقانه عشق جملات_عاشقانه,"💞 سیوش کن برای روزی که بهش احتیاج داری.

یک نفر هست که خنده‌اش برای من از هزار تا جایزه بیشتر می‌ارزد.

👇 این حس رو چقدر می‌شناسی؟",content/images/post_p097.jpg,pending,sent,,
p098,نامه,coffee,🕊️ دو چیز را هیچ‌وقت از من نگیر: عکسی که با هم داریم و این نامه‌ای که برایت نوشتم.,اختصاصی,نامه_عاشقانه نامه عاشقانه,"🕊️ این نامه را برای کسی بفرست که مدت‌هاست ندیده‌ای.

دو چیز را هیچ‌وقت از من نگیر: عکسی که با هم داریم و این نامه‌ای که برایت نوشتم.

💌 اگه این نامه بهت خورد، سیوش کن.",content/images/post_p098.jpg,pending,sent,,
p099,عاشقانه,coffee,✨ عشق را در کارهای کوچک پیدا کن؛ در چایی که بی‌آنکه بگویی می‌آوری.,اختصاصی,عاشقانه عشق جملات_عاشقانه,"💕 بعضی حس‌ها را فقط با یک جمله می‌شود گفت.

عشق را در کارهای کوچک پیدا کن؛ در چایی که بی‌آنکه بگویی می‌آوری.

👀 به نظرت عشق یعنی چی؟ تو کامنت برام بنویس.",content/images/post_p099.jpg,pending,sent,,
p100,دلتنگی,rain,💔 دلتنگی یعنی هنوز برای کسی جایی در روزت باز نگه داشته باشی که دیگر نمی‌آید.,اختصاصی,دلتنگی دلتنگتم عاشقانه,"🌙 یک نفر کم است و همه‌چیز کم است.

دلتنگی یعنی هنوز برای کسی جایی در روزت باز نگه داشته باشی که دیگر نمی‌آید.

🌧️ امشب به یادِ کی هستی؟",content/images/post_p100.jpg,pending,sent,,
p101,دلتنگی,blush,🌙 گاهی فقط می‌خواهم بدانی یک نفر هست که هنوز یادش نرفته‌ای.,اختصاصی,دلتنگی دلتنگتم عاشقانه,"💔 دلتنگی، بلندترین سکوتِ دنیاست.

گاهی فقط می‌خواهم بدانی یک نفر هست که هنوز یادش نرفته‌ای.

👇 اگه این پست بهت خورد، یک 💔 بذار.",content/images/post_p101.jpg,pending,sent,,
p102,دلتنگی,alone,🥀 ساعت‌هایی از شب هست که فقط به دردِ یادِ تو می‌خورند.,اختصاصی,دلتنگی دلتنگتم عاشقانه,"🥀 دلتنگی یک حس عجیب است؛ بی‌صدا می‌آید.

ساعت‌هایی از شب هست که فقط به دردِ یادِ تو می‌خورند.

💭 دلتنگِ کی هستی؟ فقط یک ایموجی بذار 👇",content/images/post_p102.jpg,pending,sent,,
p103,نامه,cream,✉️ برایت می‌نویسم تا بعد از من هم کسی باشد که بداند چقدر دوستت داشته‌ام.,اختصاصی,نامه_عاشقانه نامه عاشقانه,"📜 از طرفِ کسی که بلد نبود بگوید.

برایت می‌نویسم تا بعد از من هم کسی باشد که بداند چقدر دوستت داشته‌ام.

👇 اگه جرئت داشتی چی می‌نوشتی؟",content/images/post_p103.jpg,pending,sent,,
